No.,Nama Instagram,Komentar,Kategori,Tanggal Posting,Nama Akun IG  Artis/Selebgram
1,@delliananda,kaka tidur pagi gaboleh capek,Non-bullying,14 Oktober 2019,@isyanasarasvati
2,@fenninbl,makan nasi padang begini badan,Non-bullying,14 Oktober 2019,@isyanasarasvati
3,@abdurahmanshq,aku suka dia selalu cukur jembut sebelum manggung,Bullying,14 Oktober 2019,@isyanasarasvati
4,@najla.yoo,isyana aku fans banget sama isyanaaku paling suka lagu isyana lagu tetap dalam jiwa,Non-bullying,14 Oktober 2019,@isyanasarasvati
5,@dessy_______,manusia apa bidadari cantik terus,Non-bullying,14 Oktober 2019,@isyanasarasvati
6,@e.fril,kinantii isy ubah baju nakal,Bullying,14 Oktober 2019,@isyanasarasvati
7,@bahasa.bayi.planet,gemes isy tango lapis lapis,Non-bullying,16 September 2019,@isyanasarasvati
8,@khanayarudinita,jelek anak padahal ibu ayah cakep,Bullying,22 Juni 2019,@tasyakamila
9,@reniaulia225,anak tua muka tasya,Bullying,22 Juni 2019,@tasyakamila
10,@nurjanah.hani,muka anak tua banget gk gemes gk ada lucu2,Bullying,22 Juni 2019,@tasyakamila
11,@rizalandriawanp,muka muka kolot bu muka bayi lucu,Bullying,6 Juni 2019,@randibachtiar
12,@yudharamm,gila orang jomblo jadi psikolog ga laku jadi seperti,Bullying,24 Desember 2020,@lutfiagizal
13,@mubarakbasslom,lo sinting tingkat dewa,Bullying,24 Desember 2020,@lutfiagizal
14,@erma_09,lutfi sete putus dgn salsa seperti orang stress,Bullying,24 Desember 2020,@lutfiagizal
15,@rurrizki_maulana,anak tolol mulai aktif bund,Bullying,28 Oktober 2020,@lufiagizal
16,@lala.laxii,bisa mati ga gedeg gua liat anjim,Bullying,8 Desember 2020,@lutfiagizal
17,@menisa6634,lutfi asu  sok asik lo anjing,Bullying,8 Desember 2020,@lutfiagizal
18,@farsyahl_,kontol antem ayo bngst,Bullying,6 Desember 2020,@lutfiagizal
19,@lennyliando,ibu kamu lakor hamil luar nikah pantes anak gini modelan,Bullying,16 Juni 2020,@listychanpokemon
20,@tatianayaaaa,anak pinter mak kelempeng asa baby tinggi azka lebih mama,Bullying,25 Oktober 2020,@kalinaocktarany
21,@ferlista234,anak cerdas terbentuk dr pola asuh pola dik ortu cerdas pula pada sara sesimple,Non-bullying,25 Oktober 2020,@kalinaocktarany
22,@sekiya.sat,setengah iri setengah jadi motivasi,Non-bullying,25 Oktober 2020,@kalinaocktarany
23,@emi_muslikah,ancur hidup sama dia sumpah,Bullying,15 November 2020,@kalinaocktarany
24,@tetikasmy7615,serem banget muka lo l ayam potong rah banget,Bullying,27 Desember 2020,@rosameldianti_
25,@xcnadilax,yaudah jd ngusaha kuliner gausah artis makanan bik iler wkwkw,Non-bullying,27 Desember 2020,@rosameldianti_
26,@ghy.14,kamu cocok jadi ngusaha kuliner fixs semoha lancat terusssss,Non-bullying,27 Desember 2020,@rosameldianti_
27,@rubybee_16,tak sejelek image owner artis ups bu artis hallo secara tidak langsung semua orang tau image jelek gentong,Bullying,27 Desember 2020,@rosameldianti_
28,@syi_faalatas,apa gak jelas hidup,Bullying,28 Desember 2020,@rosameldianti_
29,@swity_nananana,sebelum aku unfoll aku mau bilang najissss,Bullying,28 Desember 2020,@rosameldianti_
30,@dellasss1,muka sensual tapi norak,Bullying,28 Desember 2020,@rosameldianti_
31,@bundafahryfahry,gk jam bully orang netizen nding aca kurang sendiri,Non-bullying,28 Desember 2020,@rosameldianti_
32,@jeenida_abdullah_aras,pas nempatan sebener kamu imut banget loh l,Non-bullying,28 Desember 2020,@rosameldianti_
33,@depoy110,cakep kaga jelek iya hahah,Bullying,28 Desember 2020,@rosameldianti_
34,@ferd.iansyah454,jari jari kaki jari tukang panggul,Bullying,26 Desember 2020,@rosameldianti_
35,@chenul98,kaki kek lagi hamil tua bun semacam kaki gajah,Bullying,26 Desember 2020,@rosameldianti_
36,@rani__ara,suka her sama hina fisik ternyata bener kita semua ndosa deng cara kita sendiri,Non-bullying,26 Desember 2020,@rosameldianti_
37,@octaviandiajeng,edit biar langsing padahal mah klo live bomber badan,Bullying,26 Desember 2020,@rosameldianti_
38,@rubybee_16,kaki gedong sayyy kek kaki jant upp  dia suka baur ama warwerwor mahluk astral kaki gedong,Bullying,26 Desember 2020,@rosameldianti_
39,@__yohanatan__,bagus foto pakai masker drpd gak pakai masker,Non-bullying,26 Desember 2020,@rosameldianti_
40,@hartaman_soe, kakak foto sebelum mek liat tebal mek kakak lagi bengkak yah,Bullying,26 Desember 2020,@rosameldianti_
41,@maskersssssj,bra kedodor make ukur gede,Bullying,20 Desember 2020,@rosameldianti_
42,@yiunita,nah cantik seneng usaha mbuah hasil semangat l semoga njadi pribadi lebih baik lagi,Non-bullying,20 Desember 2020,@rosameldianti_
43,@anggrainikoenang,mba bisa gk gk rem lek mata kaya orang cacing,Bullying,20 Desember 2020,@rosameldianti_
44,@nadhiya_za,semoga lancar terus usaha l,Non-bullying,20 Desember 2020,@rosameldianti_
45,@riaros,cantik banget kalo ldi muka natural kek gini,Non-bullying,20 Desember 2020,@rosameldianti_
46,@lialiya25,em cantik l kalo ga banyak gaya serius,Non-bullying,20 Desember 2020,@rosameldianti_
47,@dianaherdani18,kaku kek kanebo kering,Bullying,20 Desember 2020,@rosameldianti_
48,@priskaaben,semak glowing say natural gini bagus tambah prestasi say,Non-bullying,20 Desember 2020,@rosameldianti_
49,@apelu.liat2,ldi emak buka klinik totok aura kayak anak gak rnah totok aura gak liat ada ma butek,Bullying,22 Desember 2020,@rosameldianti_
50,@arjhunot,karena muka lo pasar l pasar sapi juga ada mirip noh,Bullying,22 Desember 2020,@rosameldianti_
51,@meta_fira,maap gua sering nyama sama dugong soal mirip,Bullying,22 Desember 2020,@rosameldianti_
52,@aii_rinz95,iya lo kamu mirip monyet l,Bullying,22 Desember 2020,@rosameldianti_
53,@dwiengine,bagus pantat panci aing atuh anjir,Bullying,22 Desember 2020,@rosameldianti_
54,@evilsilviani27,ga ada sama soal muka kamu sama deng muka badak muka beton ga ada malu,Bullying,22 Desember 2020,@rosameldianti_
55,@naviafadia,mbak ldi tambah cantik rahasia apa,Non-bullying,22 Desember 2020,@rosameldianti_
56,@lee406132,lengan gempal banget,Bullying,22 Desember 2020,@rosameldianti_
57,@ummuhumairoh__,fix komen semua nyela,Non-bullying,22 Desember 2020,@rosameldianti_
58,@mareeet30,ka gausah gubris gausah pikir syukur sama nikmat tuh kasih ke kaka gausah juga ata orang ka tetep syukur atas nikmat,Non-bullying,22 Desember 2020,@rosameldianti_
59,@rifkohalim,jari jari gede gede banget apalagi pas ikl makan i danau hambar jari jempol semua hawak bener,Bullying,22 Desember 2020,@rosameldianti_
60,@ooohh_vhie,jang sama muka  sama orang oi minta sama sama babi,Bullying,22 Desember 2020,@rosameldianti_
61,@effa.kejora,ga ada bawah ldi semua setara ada kurang ada kelebih,Non-bullying,22 Desember 2020,@rosameldianti_
62,@_goshop24,ka l gausah rendah orang la syukur atas langit juga ada langit lagi,Non-bullying,22 Desember 2020,@rosameldianti_
63,@jannahfamily1111,muka gak bantu kamera dekil d kumel,Bullying,22 Desember 2020,@rosameldianti_
64,@fannyyyyk,semua wanita cantik jang suka rasa lebih,Non-bullying,22 Desember 2020,@rosameldianti_
65,@taniaaw123,ldi dapat kontrak endorse skincare tapi muka tetap jelek si,Bullying,22 Desember 2020,@rosameldianti_
66,@juniartibs,gila netizen pada sempurna hina orang terus,Non-bullying,22 Desember 2020,@rosameldianti_
67,@zulfaqinan,semua pada mbang habis apa cowo ldi enak otak atik,Bullying,22 Desember 2020,@rosameldianti_
68,@dona_pitria,karena muka elo pasar d murah,Bullying,22 Desember 2020,@rosameldianti_
69,@nia_5446,muka buluk kepede lagi muka tua,Bullying,22 Desember 2020,@rosameldianti_
70,@tita.titt,muka kaya tai,Bullying,22 Desember 2020,@rosameldianti_
71,@harishshandi,sakit jiwa upil gajah kasih,Bullying,22 Desember 2020,@rosameldianti_
72,@sila.putri.526,jelek macam buntut kuali,Bullying,22 Desember 2020,@rosameldianti_
73,@lasi1977,ldi tambah kurus cantik walau tanpa make up,Non-bullying,22 Desember 2020,@rosameldianti_
74,@anisa_lubis12,elu juga semoga semakinlebih baik dalam segala hal terutama akhlak d etika,Non-bullying,31 Desember 2020,@rosameldianti_
75,@maryamcici29,mbak ll sehat d sukses,Non-bullying,31 Desember 2020,@rosameldianti_
76,@misscahyani,aami doa baik juga untuk ldi,Non-bullying,31 Desember 2020,@rosameldianti_
77,@vito_adn07,selamat tahun baru mbak semoga jadi pribadi lebih baik am,Non-bullying,31 Desember 2020,@rosameldianti_
78,@prelovedbabyzee_,ldi lama lama cantik loh tinggal bener akhlak d adab pasti sip,Non-bullying,31 Desember 2020,@rosameldianti_
79,@tkp995,ngambil foto sudah bagus mantap d keren tinggal ngambil arwah belum,Bullying,18 Desember 2020,@rosameldianti_
80,@andipulau123,gak ada cantikcantik,Bullying,18 Desember 2020,@rosameldianti_
81,@pmonaapr,kasi editor nanggung dosa banget kayak dit offside gini,Bullying,18 Desember 2020,@rosameldianti_
82,@dongo20200,lama lama mirip dewi rsik,Non-bullying,18 Desember 2020,@rosameldianti_
83,@arini.3367,pada julid padahal  ldi gak nyusah kalian,Non-bullying,18 Desember 2020,@rosameldianti_
84,@yunhistia,foto apa w masuk museum ga ada pantas2,Bullying,18 Desember 2020,@rosameldianti_
85,@adityazuko,gak umpul bareng mami isa lagi  kamu paling gembrot sana,Bullying,18 Desember 2020,@rosameldianti_
86,@drian_riza,lagu ga ada laku l,Bullying,18 Desember 2020,@rosameldianti_
87,@dsusilawa,lutut hitam gosok maning biar tambah cling d cantik,Bullying,18 Desember 2020,@rosameldianti_
88,@agustindian276,suka her sama warga 6 suka hujat orang mulu dapat pahala kagak dosa mah iya,Non-bullying,18 Desember 2020,@rosameldianti_
89,@rosameldiantifansclub,tambah cantik rosa ldianti,Non-bullying,18 Desember 2020,@rosameldianti_
90,@teukualmunawir,jadi ri sendiri jang jadi ular apalagi dugong,Bullying,18 Desember 2020,@rosameldianti_
91,@choyrohnissaakbar,saya suka sama mereka harmonis,Non-bullying,13 Desember 2020,@rosameldianti_
92,@riska_wn27,cantik banget pakai baju,Non-bullying,13 Desember 2020,@rosameldianti_
93,@fan_fani001,jujur kamu kalo anteng ga buat masa cantik l,Non-bullying,13 Desember 2020,@rosameldianti_
94,@satriakiranadwi,cowok ga ada cakep cakep,Bullying,13 Desember 2020,@rosameldianti_
95,@rubybee_16,foto tirus kalo video wariorr muka kek donat gak ada bentuk,Bullying,13 Desember 2020,@rosameldianti_
96,@mokarin_a,seki banyak foto posting paling cantik,Non-bullying,11 Desember 2020,@rosameldianti_
97,@rubybee_16,artis abalabal muka putih tang hitam ager atm isi apa,Bullying,11 Desember 2020,@rosameldianti_
98,@pendekar_payunghitam,muka penuh tekan banget,Bullying,11 Desember 2020,@rosameldianti_
99,@macankonner_streetfighter, cowok wajah culun d cupu om,Bullying,11 Desember 2020,@rosameldianti_
100,@yulimaya89,masyaal cantik terlihat sop d anggun,Non-bullying,11 Desember 2020,@rosameldianti_
101,@mywibowo,kang ojek kali belang tangan,Bullying,11 Desember 2020,@rosameldianti_
102,@juniartibs,seneng liat pasang cewe hujat 1 indonesia tapi dia tetep setia nemen,Non-bullying,11 Desember 2020,@rosameldianti_
103,@santosodimas23,dia putus njadi tumbal apartment,Bullying,11 Desember 2020,@rosameldianti_
104,@thirsthing,cantik l semangat etnyaa,Non-bullying,11 Desember 2020,@rosameldianti_
105,@fitrysyakieb,tang apa paha,Bullying,11 Desember 2020,@rosameldianti_
106,@mamggala,l sini kamu liat cakep,Non-bullying,11 Desember 2020,@rosameldianti_
107,@ajengrahayu80,muka lagi den pas boker,Bullying,11 Desember 2020,@rosameldianti_
108,@biankarachel,aduuh terlalu halu hhahaha lebay edit nyaa lemak kemana lemak hahhaaa mimpi ketinggi,Bullying,7 Desember 2020,@rosameldianti_
109,@moca_caca_,salfok sama kaki tapi cantik banget asli,Non-bullying,7 Desember 2020,@rosameldianti_
110,@ajengrahayu80,dy141 buset cantik edit mba coba asli buntel kentut,Bullying,7 Desember 2020,@rosameldianti_
111,@sufiliams,atas bawah hitam putih kek kopi luwak,Bullying,7 Desember 2020,@rosameldianti_
112,@kikysisilyaa,palsu badane edit semua tu asli mana lemak,Bullying,7 Desember 2020,@rosameldianti_
113,@taniaaw123,dapat kontrak skincare ttp buluk l,Bullying,7 Desember 2020,@rosameldianti_
114,@bunda_jannah,her sama netizen klo gk suka jang liat,Non-bullying,7 Desember 2020,@rosameldianti_
115,@sanainahpurnamasari,sukses selalu yah ka  semangat,Non-bullying,7 Desember 2020,@rosameldianti_
116,@rereresty94,jujur aku lebih suka ldi daripada dulu suka hujat orang,Non-bullying,7 Desember 2020,@rosameldianti_
117,@santi_azkadinasakhi,sumpah asli muka lo lebar baskom loh l,Bullying,7 Desember 2020,@rosameldianti_
118,@cece_rossalien,karya teros ldi walo ga ada nuntun kamu,Non-bullying,7 Desember 2020,@rosameldianti_
119,@wats_yor_namber,astaghfirul seram sekali bun seperti ular jelma makhluk halus bun,Bullying,30 November 2020,@rosameldianti_
120,@choyrohnissaakbar,d paling saya her cowok ikut bully sabar ldi,Non-bullying,30 November 2020,@rosameldianti_
121,@rubybee_16,astaga ratu edit muka sumpah seren film setan,Bullying,30 November 2020,@rosameldianti_
122,@fita_farah,mata katarak anjir ahahah,Bullying,30 November 2020,@rosameldianti_
123,@amandanna30,caption copas cantum credit dong dasar iblis,Bullying,30 November 2020,@rosameldianti_
124,@julypit_,unfoll daripada kalian dosa bully terus,Non-bullying,30 November 2020,@rosameldianti_
125,@hamzahifidafadafa,ldi aku rhati kamu seperti orang china cantik,Non-bullying,30 November 2020,@rosameldianti_
126,@kikysisilyaa,edit softlens keluar mbak ratu titis ular kamu,Bullying,30 November 2020,@rosameldianti_
127,@neng_fitri_masraina,kasih ular bawa bawa kamu gak pantas jadi ular pantas jadi bunglon atau buaya,Bullying,30 November 2020,@rosameldianti_
128,@evaelvaninda,maju trus sayang abai orang comment sakit,Non-bullying,30 November 2020,@rosameldianti_
129,@bilqistiarais,kasih kamu  hidup sekali cum buat bah hujat masyarakat mubadzir banget hidup lo napa gak bunuh ri,Bullying,30 November 2020,@rosameldianti_
130,@kevin_mara88,semangat l bahasa asing mah nting kita berani pasti entar bisa,Non-bullying,10 Januari 2021,@rosameldianti_
131,@sidrarachman,beda sama d foto sini lebar banget muka maaf foto edit,Bullying,10 Januari 2021,@rosameldianti_
132,@innetrii,ldi ski kadang mulut ku tak bisa rem karena halu tapi aku bangga a usaha  yuhuuu,Non-bullying,10 Januari 2021,@rosameldianti_
133,@indrilestari091197,lupa edit tu muka lar,Bullying,10 Januari 2021,@rosameldianti_
134,@luvmeltedcheese,semangatt salah dalam belajar bahasa asing nting karena mbelajar utama supaya salah ga terulang,Non-bullying,10 Januari 2021,@rosameldianti_
135,@macorask,kereennnn bully netizen jadi mau belajar,Non-bullying,10 Januari 2021,@rosameldianti_
136,@vellan_qerry_xeynando,hiiihhh jiik lihat nih orang aura buruk bgt gak ada manis manis,Bullying,10 Januari 2021,@rosameldianti_
137,@fimauni,semangat untuk belajar saya uga gak bisa bahasa inggris,Non-bullying,10 Januari 2021,@rosameldianti_
138,@lie_3071,nting ada niat d berani,Non-bullying,10 Januari 2021,@rosameldianti_
139,@momski_sri,salut l semangat belajar tawa juga belum tentu bisa d berani,Non-bullying,10 Januari 2021,@rosameldianti_
140,@yoan_gunarto22,gpp l semangat buat belajar trusssss jang gampang nyerah pokok,Non-bullying,10 Januari 2021,@rosameldianti_
141,@qoriah7588,setidak dia aku bu belagak pintar,Non-bullying,10 Januari 2021,@rosameldianti_
142,@apelu.liat2,jauh kalo arep bisa ikut kontes miss earth  maka kecil les inggris biar lidah gak keseleo,Bullying,10 Januari 2021,@rosameldianti_
143,@tiara_amd,cuma posting bund netizen sedikit nghujat,Non-bullying,29 November 2020,@rosameldianti_
144,@pikoochar,happy birthday l sehat d sukses yah aami,Non-bullying,29 November 2020,@rosameldianti_
145,@dwitrynurvita,happy birthday ldi imut n gemes tambah sukses selalu,Non-bullying,29 November 2020,@rosameldianti_
146,@goldyfonda,am ketiak d lemak edit parah,Bullying,29 November 2020,@rosameldianti_
147,@wina_lim0922,ketiak habis amplas l alus banget,Bullying,29 November 2020,@rosameldianti_
148,@kimoratwindy,edit ketiak tetap hitam,Bullying,29 November 2020,@rosameldianti_
149,@zamaleling,selamat ulang tahun l yah jang banyak tingkah,Non-bullying,29 November 2020,@rosameldianti_
150,@jualconversesecond24,muka kuning banget kaya kunyit,Bullying,29 November 2020,@rosameldianti_
151,@harhexa,selamat ulang tahun ldi sukses d sehat terus,Non-bullying,29 November 2020,@rosameldianti_
152,@rika_chuby,foto lain jang  banyak lebih cantik ihhh biar gak kena hujat kamu ihh aku mah kasih,Non-bullying,29 November 2020,@rosameldianti_
153,@raffa_wahyu_abadi88,hbd ldi semoga sukses selalu d panjang umur d rejeki lancar am,Non-bullying,29 November 2020,@rosameldianti_
154,@idcwhouareee,rasa kemar lengan kekar banget kek tinju ketiak juga hitam foto lengan jadi kecil ketiak putih kek bedak,Bullying,29 November 2020,@rosameldianti_
155,@_simaistia25bu,selamat ulang tahun  banyak sadar d jang pansos lagi yah am,Non-bullying,29 November 2020,@rosameldianti_
156,@pipidz888,hbd cantik semoga kedepan tambah sukses,Non-bullying,29 November 2020,@rosameldianti_
157,@niken_mutiara_sary,hbd mbak l tambah cantik panjang umur d sehat selalu,Non-bullying,29 November 2020,@rosameldianti_
158,@oliviacheecerezta,diri kaki sendiri lebih baik,Non-bullying,29 November 2020,@rosameldianti_
159,@_syakilaadinan_,biar edit kaya apa juga tetap ketiak hitam ga bisa bohong,Bullying,29 November 2020,@rosameldianti_
160,@ulfahh_zakiya,sumpah demi apa leng gede banget,Bullying,29 November 2020,@rosameldianti_
161,@ummu.valen,selamat ulang tahun panjang umur sampai kete dajjal,Bullying,29 November 2020,@rosameldianti_
162,@dicka_1991,ketiak hitam buluk mau edit nutup daki ketek tetap aka hitam ketiak dasar dugong,Bullying,29 November 2020,@rosameldianti_
163,@ridho52517,atm tinggal 150 ribu banyak gaya dugong,Bullying,29 November 2020,@rosameldianti_
164,@indah_zahin,gak ada bagus2 suara d pola,Bullying,29 November 2020,@rosameldianti_
165,@ginaiswahyuningsih,si ldi jelek banyak gaya beda banget sm tante n sepupu jelas cantik,Bullying,29 November 2020,@rosameldianti_
166,@sasqiaraz,tapi dia ubah gak dulu gue lihat,Non-bullying,29 November 2020,@rosameldianti_
167,@darkangel025_,dit ketiak apa ampe blur pis putih kek cat tembok,Bullying,29 November 2020,@rosameldianti_
168,@biankarachel,aduh dugong gila filter,Bullying,29 November 2020,@rosameldianti_
169,@zaskiaaaa97,bu muka dempul tapi ketiak juga,Bullying,29 November 2020,@rosameldianti_
170,@awanpanas125,kasi kebelet artis tapi gak pu bakat,Bullying,29 November 2020,@rosameldianti_
171,@hugoovianaaa,rasa liharaan lepas tolong angkut,Bullying,29 November 2020,@rosameldianti_
172,@christinaona5,miris banget ultah bu doa baik tapi tetap bully kasi  god bless u l,Non-bullying,29 November 2020,@rosameldianti_
173,@lunaaluna91,mudah mudah jadi gembel am al,Bullying,29 November 2020,@rosameldianti_
174,@putri_lintang0,ketiak hitam kasih bedak jadi abu monyet,Bullying,29 November 2020,@rosameldianti_
175,@ananda_dhenanda,her gua mah gasuka gausah follow tau ni akun private kalo tetap follow d buli tanda sirik gasuka gausah liat kaya ri sempurna,Non-bullying,29 November 2020,@rosameldianti_
176,@forthriftpurpose,gua harap si sakit bu laura lol,Bullying,8 Agustus 2020,@gagamuhammad
177,@lailyfazriah,harus lo nderitaaa bu lora anj,Bullying,8 Agustus 2020,@gagamuhammad
178,@masihadanamanya,gaga sempet bener lora lo tinggal lo orang paling jahat ga lo gak bakal bahagia ga,Bullying,8 Agustus 2020,@gagamuhammad
179,@nandaanvta_,bener gakalo sempet nyakit lora gue santet,Bullying,8 Agustus 2020,@gagamuhammad
180,@ptriazkytlf,si gaga kek anjing,Bullying,8 Agustus 2020,@gagamuhammad
181,@dandipriambodo,semangat gaga jang liat kebelakang fokus kedep muda banyak lebih baik juga,Non-bullying,8 Agustus 2020,@gagamuhammad
182,@fauziahamanda_02,gak ada cantik gila ada,Bullying,13 Januari 2021,@rosameldianti_
183,@rezaadhitia_,ldi sinar yaaa rtahan karir jgn sia sia,Non-bullying,13 Januari 2021,@rosameldianti_
184,@anq.olshop,tetap semangat sebaik apa kamu a da mata mbenci,Non-bullying,13 Januari 2021,@rosameldianti_
185,@maya_purple14,asli gak ada bebet bobo ni anak kasih sekali,Bullying,13 Januari 2021,@rosameldianti_
186,@hannyjamal33,kumat lama semedi segini keluar,Bullying,13 Januari 2021,@rosameldianti_
187,@zulfaqinan,tangan hitam beda ama muka,Bullying,13 Januari 2021,@rosameldianti_
188,@sabil.naura.2,ldi foto aku gendut beda,Bullying,13 Januari 2021,@rosameldianti_
189,@adiknya_wwatch.ig,gatau cantik tapi gak ada aura sama sekali  cantik tapi idih lihat ,Bullying,13 Januari 2021,@rosameldianti_
190,@dewie_ten11,baik buruk kamu a tetap terlihat buruk mata mereka ga nyukai ,Non-bullying,13 Januari 2021,@rosameldianti_
191,@louizee_fa,gila ni silum story orang la liat banget tumpukan lemak burik apalagi,Bullying,13 Januari 2021,@rosameldianti_
192,@hendrik_baronn,dasar bego gua jijik sama bro gak pu otak banget,Bullying,5 Mei 2020,@ferdianpalekaa00
193,@adellaberrr,lo kira lo bagus tuh begitu anjing wkwkw,Bullying,5 Mei 2020,@ferdianpalekaa00
194,@ha_ri2431,maaf aaa semoga dia jera untuk kedepan,Non-bullying,5 Mei 2020,@ferdianpalekaa00
195,@kicek_kocak,eh bocah nding lo mati gak guna juga ada orang lo hahahahaha,Bullying,5 Mei 2020,@ferdianpalekaa00
196,@azzamyluth6802,btw video tapi boong dia buat tahun lalu bu pas masa gak rcaya lihat tribun news jadi jang hujat dia lagi,Non-bullying,5 Mei 2020,@ferdianpalekaa00
197,@louis.edrt,okay bro kalem tetap semangat d jang putus asa,Non-bullying,5 Mei 2020,@ferdianpalekaa00
198,@fran_oez11,mati aja  biar gak bik ribet,Bullying,5 Mei 2020,@ferdianpalekaa00
199,@setiawan_jo22,sampah masyarakat harus musnah segera,Bullying,5 Mei 2020,@ferdianpalekaa00
200,@iibaaall,mati kau najis kontol bangsat mati kau,Bullying,5 Mei 2020,@ferdianpalekaa00
201,@setyawan_yoyok,youtuber toxic tutup akun sekali tutup usia,Bullying,5 Mei 2020,@ferdianpalekaa00
202,@gunawan_fahreza,pada ribet pada benar semua,Non-bullying,5 Mei 2020,@ferdianpalekaa00
203,@zr_cho,jang ada hitam atas putih langsung proses,Non-bullying,5 Mei 2020,@ferdianpalekaa00
204,@farhanaja_,sayang sama anak serah ke polisi biar dik sekali,Non-bullying,5 Mei 2020,@ferdianpalekaa00
205,@lastriani05,manusia apa hew gak pu hati banget,Bullying,5 Mei 2020,@ferdianpalekaa00
206,@adhiprasetyop,manusia anjing nyari uang amat lo kerja sama gue nyebok gue ntar gue gaji lo,Bullying,5 Mei 2020,@ferdianpalekaa00
207,@arief_metafora_,maklum anak kurang ndidi gak pu akhlak,Bullying,5 Mei 2020,@ferdianpalekaa00
208,@mr_mantako,anjing mang anak gak tau ri ibu sampai nangis,Bullying,5 Mei 2020,@ferdianpalekaa00
209,@erikkansona,oi babi gue bunuh sampai kelihat sumpah,Bullying,22 Mei 2020,@ferdianpalekaa00
210,@bagusssrh,heee sampah gua maaf tapi boong goblok,Bullying,22 Mei 2020,@ferdianpalekaa00
211,@ibnufasha_16,anjing sini lo baku hantam ayo,Bullying,22 Mei 2020,@ferdianpalekaa00
212,@zibah25,bangkit bang jang lemah buat lajar d uji buat jadi lebih baik lagi bang,Non-bullying,28 Juni 2020,@ferdianpalekaa00
213,@adeellristi13_,jang patah semngat sukses terus,Non-bullying,28 Juni 2020,@ferdianpalekaa00
214,@onlyone_dhii,semangat ferdi gausah denger orang hujat kamu karena semua manusia tidak luput salah,Non-bullying,28 Juni 2020,@ferdianpalekaa00
215,@zanuri111,sumpah aku respect banget sama kamu,Non-bullying,28 Juni 2020,@ferdianpalekaa00
216,@jannah.henna,nurutku pribadi dia tulus minta maaf,Non-bullying,28 Juni 2020,@ferdianpalekaa00
217,@26cc.l,kasih bidadari mau boneka santet,Bullying,20 Maret 2020,@eeericko
218,@lidiii.lyy16,ilang respect gue padahal jane setia bgt sama tapi ma cewe pas keluar dri njara lol,Non-bullying,20 Maret 2020,@eeericko
219,@frdriko_,hapus ajh ni poto k tau malu bgt bang,Non-bullying,20 Maret 2020,@eeericko
220,@izgraphic,inti gasuka ajg selama ada listy  rusak suasana,Bullying,20 Maret 2020,@eeericko
221,@agrapranaaaaaa,foto ada  anjing d 1 kontol,Bullying,20 Maret 2020,@eeericko
222,@bilqissiee,kasi banget jane nunggu keluar njara eh tau  waw sakit siih,Non-bullying,20 Maret 2020,@eeericko
223,@candrwijya,puny cewk baik selingkuh g otak,Bullying,20 Maret 2020,@eeericko
224,@yusuf_rafi20,inget potong masa bu hubung tapi kalo gini sembeleh orang  terlanjur kecewa,Bullying,20 Maret 2020,@eeericko
225,@shinlamanepa,buat konten masa putus foto tabi sama jessica engga hapus,Non-bullying,20 Maret 2020,@eeericko
226,@ajilpoo_,tiap mau makan bik ama jess tpi ma hianat gila,Non-bullying,20 Maret 2020,@eeericko
227,@frdriko_,parah bang nama rusak karna narkoba ma nambah masa ajh truss,Non-bullying,20 Maret 2020,@eeericko
228,@guardo_purbaa,anjing mirip sama erick,Bullying,20 Maret 2020,@eeericko
229,@_ilhammputra,muka pas sok sok  mau sm lonte lo anjing,Bullying,20 Maret 2020,@eeericko
230,@keylanamira01,sama anjing lebih baik anjing,Bullying,20 Maret 2020,@eeericko
231,@jeremyya_,ada babi jgn gang tuh anjing harga ri lebih tinggi dripada lo,Bullying,20 Maret 2020,@eeericko
232,@lukmanul.16,santuy bang ga usah tanggepinbtw gw suka gaya lo,Non-bullying,20 Maret 2020,@eeericko
233,@allyv_zkrri,narkoboy kontol cuma bisa maen cewe sama nyakit doang anjing mati bego,Bullying,20 Maret 2020,@eeericko
234,@kirananti1,tetep njara ajg nyusah lo keluar,Bullying,20 Maret 2020,@eeericko
235,@hijabmurah.reseller,cewe cakep setia sia sia sahabat,Non-bullying,20 Maret 2020,@eeericko
236,@lesyaarr,loh ak liat anjing semua,Bullying,20 Maret 2020,@eeericko
237,@dian.iswr,anjing ada dua guys tapi lagi satu gue liat ada babi item,Bullying,20 Maret 2020,@eeericko
238,@_mang_agus_,mant anjing eh kebalik anjing mant,Bullying,20 Maret 2020,@eeericko
239,@niko_panji.bp,bik skandal karena kepengen tenar,Non-bullying,20 Maret 2020,@eeericko
240,@randy.bm_,wiii anjay kap lagi liat babi gang  anjing,Bullying,20 Maret 2020,@eeericko
241,@vrtma24,foto babi sedang meluk anjing milik bidadari,Bullying,20 Maret 2020,@eeericko
242,@cyr.yra,babi g pantes nyentuh anjing bidadari nanti kotor,Bullying,20 Maret 2020,@eeericko
243,@liviarmdhy,sesama anjing foto dulu ,Bullying,20 Maret 2020,@eeericko
244,@nayyx_ra,potret seorjing megang anjing kwkw,Bullying,20 Maret 2020,@eeericko
245,@fckngmelowedtz_,heh napa hate cape gw baca,Non-bullying,20 Maret 2020,@eeericko
246,@orangejusi,waduh ma lebih ganteng anjing eh eh bah ga pantes sebut anjing anjing  setia pantes babi hahahaha,Bullying,20 Maret 2020,@eeericko
247,@biancapratiwi_,kalo lomba sama sm babi babi nmr ,Bullying,20 Maret 2020,@eeericko
248,@eulisriskasbla,si anjing ketika foto deng si anjing,Bullying,20 Maret 2020,@eeericko
249,@alyafdhlh_,jessica nungguinsetia sm loh pas ad masa kmrn tapi ga harga ma lbh milih d sono,Non-bullying,20 Maret 2020,@eeericko
250,@paris.saintjerman,erikontolim manusia babi anak lonte,Bullying,20 Maret 2020,@eeericko
251,@alshvfdl,hargai hati wanita tulus nemen lo 0,Non-bullying,20 Maret 2020,@eeericko
252,@umawww_,tapi bagus erick mutus jessica karna erick kelaku ny begituu coba liat jessica,Non-bullying,20 Maret 2020,@eeericko
253,@immjeafhlvi_,anjing hebat bisa pake kacamata,Bullying,20 Maret 2020,@eeericko
254,@syafafalasifah,sdh lh nasi jdi bubur ga bisa lagi bentuk kek semulaaa,Non-bullying,20 Maret 2020,@eeericko
255,@ferdiikun,kukira kehadiran a njadi sesuatu kebangga ternyata tidak,Non-bullying,20 Maret 2020,@eeericko
256,@raihan.kh,ada 3 ajg d pu tato bener ajg,Bullying,20 Maret 2020,@eeericko
257,@epannalzz,dasar orang tua gada akhlakngajar anak ga bener,Bullying,20 Maret 2020,@eeericko
258,@kvnsktta,erik ada bisa jelas gw ga update soal maap,Non-bullying,20 Maret 2020,@eeericko
259,@gilbert_gotardo,eh jang dekat dekat sama anjing ci jessica gua lempar,Bullying,20 Maret 2020,@eeericko
260,@leonardis445,guys dr pd comment nding unfoll sm unsubscribe,Non-bullying,20 Maret 2020,@eeericko
261,@qnfkn,babi lagi ma ma anjing,Bullying,20 Maret 2020,@eeericko
262,@njums_0101,kasi bidadari ma pilih babi,Bullying,20 Maret 2020,@eeericko
263,@abrxrr,posting rtama jg hujat dong gila netijen,Non-bullying,20 Maret 2020,@eeericko
264,@mosessavero_,baru kali lihat anjing sama babi bai,Bullying,20 Maret 2020,@eeericko
265,@kgaadanamany,kasih bidadari ma milih set,Bullying,20 Maret 2020,@eeericko
266,@amytwbw_y4to3hand,padahal gw g mau benci ama bro tpi ada tingkah lenceng,Non-bullying,20 Maret 2020,@eeericko
267,@nnunnoadrn_,sikap  lebih najis daripada ludah anjing,Bullying,20 Maret 2020,@eeericko
268,@RZIKIILHAM568,njir ski lama nih poto post tapi banyak komen baru,Non-bullying,20 Maret 2020,@eeericko
269,@nisauliaaa._,kesini cmn mo liat komen,Non-bullying,20 Maret 2020,@eeericko
270,@mhmmdtaufik_7,buset hate comment ampe posting paling bawah,Non-bullying,20 Maret 2020,@eeericko
271,@_nia_zzhh,foto upload 20 maret comment 1 jam  jam 3 jam lalu,Non-bullying,20 Maret 2020,@eeericko
272,@hamdiham_71,pantes banyak utang buat bayar lonte,Bullying,20 Maret 2020,@eeericko
273,@im.timothy_, 3 tutup botol muka kek kontol,Bullying,20 Maret 2020,@eeericko
274,@callme__riska26,astaga pagi bik akak ama komen netijen mng suka bener,Non-bullying,20 Maret 2020,@eeericko
275,@kepo.luanjng_,gw capek baca komen kalian,Non-bullying,20 Maret 2020,@eeericko
276,@filsiyiii,liat bgt anjing ketakut foto sama dakjal,Bullying,20 Maret 2020,@eeericko
277,@andrydhstywn,astaga hujat sampe posting paling bawah,Non-bullying,20 Maret 2020,@eeericko
278,@suka.prihatin,lebih najis elu daripada anjing,Bullying,20 Maret 2020,@eeericko
279,@reandraalkautsr_, ekor anjing d satu buaya makan jambut,Bullying,20 Maret 2020,@eeericko
280,@ramdhn._.n,kalo suruh lihara anjingeric gw pilih anjing ski najis tapi lebih najis erick kontol,Bullying,20 Maret 2020,@eeericko
281,@rakaakmaall,apa si pada judge mikir dulu dia putus juga sebelum kejadi tolol,Non-bullying,20 Maret 2020,@eeericko
282,@rikaas0805,hargai wanita dia dekati banyak pria tetapi tetap milih,Non-bullying,20 Maret 2020,@eeericko
283,@_raibaru19,ternyata sipat anjing bu ha ada anjing doang yadi manusia sipat anjing juga ternyata ada,Bullying,20 Maret 2020,@eeericko
284,@rafaelardan_,potret ketika anjing poto deng set,Bullying,20 Maret 2020,@eeericko
285,@ananddmanangkasi,bantu bedainn woyy mana anjing mana babi,Bullying,20 Maret 2020,@eeericko
286,@aji_0310,udaah woii udahh gak kasih apa aku capek like komen kalian,Non-bullying,20 Maret 2020,@eeericko
287,@gudlukinhmn,3 anjing 1 anjing wujud manusia  anjing asli tak ada rwujud aowkwkw,Bullying,20 Maret 2020,@eeericko
288,@trishapermata,kasi gue sama anjing pegang dajjal,Bullying,20 Maret 2020,@eeericko
289,@rizal.saputraa_,kasi anjing gang babi,Bullying,20 Maret 2020,@eeericko
290,@boyvoyej,lo kontol gak guna ajg anak dakjal,Bullying,20 Maret 2020,@eeericko
291,@hydir.syptra_24,mukak lebih buruk daripada anjing,Bullying,20 Maret 2020,@eeericko
292,@ganimhermawan,kasi bening ma milih daki,Bullying,20 Maret 2020,@eeericko
293,@dhirgalambe,nding masuk njara lagi seumur hidup,Bullying,20 Maret 2020,@eeericko
294,@deksiyan_,lbih lucu anjing ktimbang orang,Bullying,20 Maret 2020,@eeericko
295,@ninini.nt,akhir jesica bisa lepas kambing hitam,Bullying,20 Maret 2020,@eeericko
296,@rayyan11079,maaf bro semua orang pasti ada salah dia juga pasti ada salah nasehat siapa tau dia ubah,Non-bullying,20 Maret 2020,@eeericko
297,@delvyanawuu,kasi anjing peluk sma sampahh,Bullying,20 Maret 2020,@eeericko
298,@nico_muhammad99,gua kira keluar njara bisa ubah,Non-bullying,20 Maret 2020,@eeericko
299,@nyanya6300,cinta ha sebatas kertas wkwkw enteng bang,Non-bullying,20 Maret 2020,@eeericko
300,@shashaan_,padahal sejak dia sama jane aku lebih respect  bener hilang respect,Non-bullying,20 Maret 2020,@eeericko
301,@moonicagstt,nemen masa tersulit lo pas keluar ma selingkuh ga nyangka idola gua sesampah,Bullying,20 Maret 2020,@eeericko
302,@meidika29500,hujat habis semua posting lama ada komen baru,Non-bullying,20 Maret 2020,@eeericko
303,@eeeannisa,gua gabisa beda mana anjing mana manusia keliatan sama,Bullying,20 Maret 2020,@eeericko
304,@_abiyyuatha,mirip anak kick andy nama marlo bang,Non-bullying,26 Maret 2020,@eeericko
305,@gevin.reski,ada orang baik  karna ada orang jahat,Non-bullying,26 Maret 2020,@eeericko
306,@elgistazmn,ga ada niat ada ngaji bang,Non-bullying,26 Maret 2020,@eeericko
307,@destiatnrr_,suka banget sama rambutnyaa tambah ganteng,Non-bullying,26 Maret 2020,@eeericko
308,@seedflyy, ada ada kaya gini bilang king king muke kaya tai musang,Bullying,26 Maret 2020,@eeericko
309,@lanzx.ml,ninggal li demi tai babi h,Bullying,26 Maret 2020,@eeericko
310,@hafizdonjuan,ganteng kaga begitu ma liat kaya daki kontol,Bullying,26 Maret 2020,@eeericko
311,@aliffprmanaa,mukak lo tapir kuda asu sok ganteng banget lo,Bullying,26 Maret 2020,@eeericko
312,@anjuketaren,banyak kecewa karena begini rik,Non-bullying,26 Maret 2020,@eeericko
313,@maymichelle99,maap yemuke jelek kaga usah sok selingkuhcakep anjing gua noh,Bullying,26 Maret 2020,@eeericko
314,@ekoxapriyanto,apa si hebat banci badan penuh koreng kaya lo,Bullying,26 Maret 2020,@eeericko
315,@zorgiansyah,gini dong sih kaga kek tahun tahun sebelum dekil,Bullying,26 Maret 2020,@eeericko
316,@anisazaharaf,muka keriput kek aki aki,Bullying,26 Maret 2020,@eeericko
317,@wijaya_stanleyp9,foto jelek hujat foto ganteng bilang sok ganteng,Non-bullying,26 Maret 2020,@eeericko
318,@rejabiann,kebanya nyabu jadi kurus,Bullying,28 Maret 2020,@eeericko
319,@robilmlna,narkoboyy luar lidahh ajg mau apa mau tes ur,Bullying,28 Maret 2020,@eeericko
320,@evan_01_,fotolu de anjrit muka tu anjrit,Bullying,28 Maret 2020,@eeericko
321,@ahmd_yahdi,hidup jngn keterlalu boss playboy amat ajg luu,Bullying,28 Maret 2020,@eeericko
322,@xxyszx,mukalu kek aktor bokep bgst nding obat luu,Bullying,28 Maret 2020,@eeericko
323,@regitaaeh,jelek semangattt pulak,Bullying,28 Maret 2020,@eeericko
324,@retfyfiani,muka seren bik mual liat,Bullying,28 Maret 2020,@eeericko
325,@riotw35,sana anjing we ama lonte bangsat,Bullying,28 Maret 2020,@eeericko
326,@squad_nihh_boss_official,muka kek kontol nding njara,Bullying,28 Maret 2020,@eeericko
327,@adeliaa_azka,muka kek banci h najis,Bullying,28 Maret 2020,@eeericko
328,@nandadzrizkia,ntar mati dalam keada konyol,Bullying,28 Maret 2020,@eeericko
329,@lrp_by_nexttime,mau bilang jelek ga enak hehe,Bullying,28 Maret 2020,@eeericko
330,@aowkaowkaowk__,idihhhhh pantes foto keluar lidah gtu trnyata tukang jilat,Bullying,28 Maret 2020,@eeericko
331,@your667_,nih orang kalo lomba mirip babibabi juara ,Bullying,28 Maret 2020,@eeericko
332,@farahh.fh,titis dakjal emg lo nyet,Bullying,28 Maret 2020,@eeericko
333,@nrsuciwss2,et muka aje h biar sampah kete sampah biar busuk sama,Bullying,28 Maret 2020,@eeericko
334,@frdtias_,jijik astagah sok bat cakep njs,Bullying,28 Maret 2020,@eeericko
335,@duba_ng,bully  ig lebih ri daripada fb ajg gua jadi rii ajgg,Non-bullying,28 Maret 2020,@eeericko
336,@arshylaaa,buriq brengsek pula pantes dapet lonte,Bullying,28 Maret 2020,@eeericko
337,@yasn.a692,muka kampung gaya sok so kota nyet,Bullying,28 Maret 2020,@eeericko
338,@gudlukinhmn,apa lidah lo stroke am gtu,Bullying,28 Maret 2020,@eeericko
339,@gudlukinhmn,ciah hujat 1 indonesia jang sampe bunuh ri komtoll kami blom puas uat kauuu,Bullying,28 Maret 2020,@eeericko
340,@ms.rquell,org kampung otak dusun gaya soso hype ttep gabisa nutup muka babu,Bullying,28 Maret 2020,@eeericko
341,@fatimahhss1128,cowo foto liat lidah jam jijik gue apa lagi minus akhlak kek gini,Bullying,28 Maret 2020,@eeericko
342,@noverinaparticia10,anjing gue jg ogah liat muke,Bullying,28 Maret 2020,@eeericko
343,@azzahrariyaanni,g bole let dosaa rik,Non-bullying,28 Maret 2020,@eeericko
344,@mel.echan,pa let let mau jilat tai tabi,Bullying,28 Maret 2020,@eeericko
345,@nikhtavani,set emg let teross jijik asuuu,Bullying,28 Maret 2020,@eeericko
346,@anggi.bharuddin,ni anak lahir krna kondom bocor ga ada rasa syukur muka selangkang gorilla dpt cewe cntik jessica setia dll ma sia2 bgsad,Bullying,28 Maret 2020,@eeericko
347,@sns_sub,apa si let sok ganteng,Bullying,28 Maret 2020,@eeericko
348,@lilianaameera,muka kek slangkang biawak aje bnyk blagu,Bullying,28 Maret 2020,@eeericko
349,@yustinushw,sumpah jahat banget bener kasi sama jessica,Non-bullying,28 Maret 2020,@eeericko
350,@wibimaulana7,anjing gk pantes sama bidadari,Bullying,28 Maret 2020,@eeericko
351,@olivesiahaan_,let mulu set kaya ular,Bullying,28 Maret 2020,@eeericko
352,@joxaeline,njr let let gw kira hew,Bullying,28 Maret 2020,@eeericko
353,@aaurellp,gtu dh kek anjg lo kang,Bullying,28 Maret 2020,@eeericko
354,@charlespontoh75,gw kesini ngen liat babang sumpah feeling gw bener mirip banget ama reynhard sinaga,Non-bullying,28 Maret 2020,@eeericko
355,@hadafajri,let si kaya hew wkwkwkwk,Bullying,28 Maret 2020,@eeericko
356,@chellolix,iuu milih iblis drpd bidadarii kwkwkw jyjyq,Bullying,28 Maret 2020,@eeericko
357,@_sugarr_babyy,let kaya anjing eh  emah anjing,Bullying,28 Maret 2020,@eeericko
358,@beejr1425,ga nyadar nih sampah,Bullying,28 Maret 2020,@eeericko
359,@chindyylls,lidah banyak kum and virus nih,Bullying,28 Maret 2020,@eeericko
360,@arga_kncn,awal ira baju endorse kfc mirip,Non-bullying,7 April 2020,@eeericko
361,@mas_eng37,gua mau lo terus karya  rbaiki tinggal negatif  tidak ada kata terlambat  ttp jadi orang hebat d selalu bahagia,Non-bullying,7 April 2020,@eeericko
362,@mhmd.rfly24,cita cita ing jadi pakboi  eh tapi ma jadi narkoboy nasibnasib,Bullying,7 April 2020,@eeericko
363,@onelsrjy,napa balik njara,Bullying,7 April 2020,@eeericko
364,@tinox___xx,nding pada tobat,Non-bullying,7 April 2020,@eeericko
365,@regitaaeh,selama penjara apalo sikat gigi bau baubau aroma bangsatttt,Bullying,7 April 2020,@eeericko
366,@vallz_12,gigi lo ada apa jigong atau kondom nyangkut,Bullying,7 April 2020,@eeericko
367,@cxxrloo,muka kek anjing rumah gwa,Bullying,7 April 2020,@eeericko
368,@pufftlm,woi anak anjing apa hidup bgst,Bullying,7 April 2020,@eeericko
369,@ppendjol,jelek gak usah d jelek lagi bro,Bullying,7 April 2020,@eeericko
370,@dian_pramana24,ganteng kagak bakat juga kagak kelebihan mana cobak,Bullying,7 April 2020,@eeericko
371,@ayumeiaa,benci ama orang jelek pake selingkuh segala,Bullying,7 April 2020,@eeericko
372,@cal1s_,tutup mulut bau kambing,Bullying,7 April 2020,@eeericko
373,@bram_reza,jual jual knp ga jadi yutuber lagi bro takut ga ada nntn yah,Bullying,7 Mei 2020,@eeericko
374,@brandyy_26___,randy pangalila klo gk pake kacamata,Non-bullying,7 Mei 2020,@eeericko
375,@farhaadeliasiregar,entah knp liat muka bg eric kaya enak  pada dulu,Non-bullying,7 Mei 2020,@eeericko
376,@amv.seninjashu,apa ganteng nyasih anjing kucel gini jadi model,Bullying,7 Mei 2020,@eeericko
377,@cxxrloo,kek dia liat masa dep hancur,Bullying,7 Mei 2020,@eeericko
378,@fhrntsy,ingett hidup lo dulu ga seenak rikkk hidup lo susah salam temen smp pas lo burikkk eh sama,Bullying,7 Mei 2020,@eeericko
379,@benie_dermawan,yaaaa yaaa kalo liat muka sumpah sel banget dahoprasi dulu sonobiar ganteng kit d kalo jln ke mall gk kenal orng,Bullying,7 Mei 2020,@eeericko
380,@aralinaphee,dia siapa artis bu jelek mah iya muka iyuhhh,Bullying,7 Mei 2020,@eeericko
381,@asbdidjdk,bu era lo lagi nding lo mati babi kalo baca bales nyet,Bullying,7 Mei 2020,@eeericko
382,@rksalfiansyah_,saya segenap hati minta maap,Non-bullying,7 Mei 2020,@eeericko
383,@aardyyyy,dulu bahagia banyak utang,Bullying,2 Juni 2020,@eeericko
384,@holiaulabenn,harus lebih maju kelas rik ga jaman lg toxic d ga atur build sistem you will be big,Non-bullying,2 Juni 2020,@eeericko
385,@ramadhanap__,edit sama konsep nice banget lahhh,Non-bullying,2 Juni 2020,@eeericko
386,@mchll.ra,iri sama babi hahah najis,Bullying,2 Juni 2020,@eeericko
387,@rulyysetiawan87,lo dulu bukan dulu kaya anjing kaya babi,Bullying,2 Juni 2020,@eeericko
388,@gadiiiiisssss,jelek tukang selingkuh lo buriq,Bullying,2 Juni 2020,@eeericko
389,@nikitadmynti.s,kalian komen pada kek gini,Non-bullying,2 Juni 2020,@eeericko
390,@keyzha.anindia,rick tuh jadi manusia kek gk ada guna lahir kedunia untuk buat baik sayang cewa org la gimana mo masuk surga,Bullying,2 Juni 2020,@eeericko
391,@naufal_fadillah.20,kalian kaloga cocok mau paksa,Non-bullying,2 Juni 2020,@eeericko
392,@gideonadi.1st,biar  kita gatau gimana asli masa kalian semua ambil keputus sepihakkalo takdir gaada bisa nentang njir,Non-bullying,2 Juni 2020,@eeericko
393,@afrianyriz_,cocok orang baik mah buat org baik kalo bejat mah cocok buat bejat juga ehehe,Bullying,2 Juni 2020,@eeericko
394,@rzqimuln__,erick goblokma pacar ama lonte anjso bat,Bullying,2 Juni 2020,@eeericko
395,@annisachaan_,cocok banget sama orang gak bener biar dia hancur sama,Bullying,2 Juni 2020,@eeericko
396,@xrygirlz,eh kek ada nampa lonte,Bullying,2 Juni 2020,@eeericko
397,@mhmmdfarrel21_,ninggal li demi tai sapi,Bullying,2 Juni 2020,@eeericko
398,@rzkychdra_,bu era lo lgi wkwkw skrng lo penuh deng cacimaki telen ludah sendiri,Bullying,2 Juni 2020,@eeericko
399,@fanzz14_,pantes sini mulai si ajg u,Bullying,2 Juni 2020,@eeericko
400,@gritlechan02,open bo ga bang si listy kebetul ada omom nyari cwe ngalam,Bullying,2 Juni 2020,@eeericko
401,@_leean3,buah nangka buah kemanggi gak ada akhlak babi,Bullying,2 Juni 2020,@eeericko
402,@kntl0_0,rlah karir ancur bro d a kembali kebaw,Bullying,2 Juni 2020,@eeericko
403,@kristin26_,biar  bangkrut ceo gatau trimakasih,Bullying,2 Juni 2020,@eeericko
404,@dadidawww__,apa juga inap rumah cowo gaada keluarga lg lo,Bullying,2 Juni 2020,@eeericko
405,@dhifi_3,eh ada lakor pas banget frame ke tiga orang ke 3,Bullying,2 Juni 2020,@eeericko
406,@xdebyy23,anak gblk kasi li ma milih kerikil,Bullying,2 Juni 2020,@eeericko
407,@ldydna_,kasih bidadari ma milih dajjal awokawokv,Bullying,2 Juni 2020,@eeericko
408,@teamlistychan,jang cum bisa hina dong sadar kalian ga sempurna sama kaya kami,Non-bullying,2 Juni 2020,@eeericko
409,@ndysan,kesih gue sama org otak dangkal kek gini,Bullying,2 Juni 2020,@eeericko
410,@_nanellchaan,murahh banget lo jijik gue  kick evos m open bo,Bullying,2 Juni 2020,@eeericko
411,@hfizdonjuan,seneng sekali nyesel seumur hidup miris banget hidup tolol ninggal li indah pandang d sayang demi segumpal tai kucing,Bullying,2 Juni 2020,@eeericko
412,@callmehanif_,indah mandang banyak lont lont mau jual,Bullying,2 Juni 2020,@eeericko
413,@jeihanfatiya,bidadari sudah tunju  bahwa mmg g pantes sma dajjal g tau ri,Bullying,2 Juni 2020,@eeericko
414,@christimrbn._,siapa tolong kasih tau aku masa apaa gais,Non-bullying,2 Juni 2020,@eeericko
415,@mylndll_,kasih hati malaikat milih hati iblis greget,Bullying,2 Juni 2020,@eeericko
416,@hvo.id,kasih bidadari ma pilih kotor,Bullying,2 Juni 2020,@eeericko
417,@owengbrl,kasih bidadari ma minta lonte,Bullying,2 Juni 2020,@eeericko
418,@apaaja3181,gajadi beli model murah barang pasti murah,Bullying,2 Juni 2020,@eeericko
419,@idoyalam,modelny murah apalagi barang,Bullying,2 Juni 2020,@eeericko
420,@enaknyaja,muka macem ngamen gegaya selingkuh untung ga sm jane lg kebanting sm jane muke,Bullying,2 Juni 2020,@eeericko
421,@pebriiidhyn,males beli guagara gara ada lonte,Bullying,2 Juni 2020,@eeericko
422,@aldiazz_mp,padahal bulug gini muka ehh maaf,Bullying,2 Juni 2020,@eeericko
423,@zhrmldiaa_,padahal canti jessica kemana mana,Non-bullying,2 Juni 2020,@eeericko
424,@ashha._,kasih bidadari ma milih sampah,Bullying,2 Juni 2020,@eeericko
425,@inxxzrbc,yae muka pas bangga njing,Bullying,2 Juni 2020,@eeericko
426,@bubblecndyy,wah ibarat lebih milih iblis daripada bidadari,Bullying,2 Juni 2020,@eeericko
427,@ohh_alah,kanahaya knp gk truck sampah kek muka sampah,Bullying,2 Juni 2020,@eeericko
428,@cep.juned,gajadi beli takut ketular lonte,Bullying,2 Juni 2020,@eeericko
429,@abigailfrnt,ha bisa lihat hujat kle kasi si listy kontrak d copot  hujat mang dunia sgt kejam,Non-bullying,2 Juni 2020,@eeericko
430,@ken_prohd,jang beli baju lonte entar kena sial,Bullying,2 Juni 2020,@eeericko
431,@kecoakgemoi._,dasar cewe lo lonte tau kau,Bullying,2 Juni 2020,@eeericko
432,@levinanj,sini pada aku gapaham tolong,Non-bullying,2 Juni 2020,@eeericko
433,@angelicaangel______,tengah manusia apa monyet kulit corak batik,Bullying,2 Juni 2020,@eeericko
434,@aditmg04,muka sama anjing gwelebih ganteng anjing gwe rik,Bullying,2 Juni 2020,@eeericko
435,@fad_wolfie,buat kalian para ns lonte jgn tkut listi misk krna pecat krna dia bsa kaya lgi dgn cara lonte,Bullying,2 Juni 2020,@eeericko
436,@elirahma7,etdah ninggal baik demi lonte situ waras mas,Bullying,2 Juni 2020,@eeericko
437,@annafrrozen,gw lihat cewek murah posting,Bullying,2 Juni 2020,@eeericko
438,@xrnggaty__27,kedua sebe kan batik apa orang warna kek taek babi si,Bullying,2 Juni 2020,@eeericko
439,@rahmahakya,muka jelek banget siii serem kek set,Bullying,2 Juni 2020,@eeericko
440,@dzlsmnaa,foto ketiga jablay murah bu,Bullying,2 Juni 2020,@eeericko
441,@gadiiiiisssss,jelek tukang selingkuh lo buriq,Bullying,2 Juni 2020,@eeericko
442,@mvq024,kalian se suci apa sampai hina dia segitu,Non-bullying,2 Juni 2020,@eeericko
443,@yudiansyah_anggara,nding follow pada unfollow udeh gausah ribet,Non-bullying,2 Juni 2020,@eeericko
444,@ravi18dihan_,dekil tato mampus karir lo hancurr pantek,Bullying,2 Juni 2020,@eeericko
445,@hikmahauliasari_01,ada li ma milih batu nis,Bullying,2 Juni 2020,@eeericko
446,@lilac_loversss,alas set ama set karna kalo set sama bidadari sayap rontok ceker gigit jambak,Bullying,2 Juni 2020,@eeericko
447,@viukorean,lagi juga erick gak ada akhlak jelek lagi listy juga jelek,Bullying,2 Juni 2020,@eeericko
448,@haeyraa_,set ma set mahh emg cocokk udee,Bullying,2 Juni 2020,@eeericko
449,@mochzakin,lonte kurus pucet kek mayat hidup,Bullying,2 Juni 2020,@eeericko
450,@maulna_adnan,muka apa tutup panci wkwkekek jelek ampe ke ubun ubun,Bullying,2 Juni 2020,@eeericko
451,@govinda_hutasoit, smngat trus bro tiada manusia sempurna k pasti bisa bangkit n jadi lebih baik gbu keepstrong,Non-bullying,9 Agustus 2020,@eeericko
452,@rizkibryn_,bego anak orang ga raw noh gara wkwkw,Bullying,9 Agustus 2020,@eeericko
453,@renaldiode_93,frustasisudah habis uangnyakasihannn,Bullying,9 Agustus 2020,@eeericko
454,@naufal.apta7,bro buat pada hujat erick tpi pu masala sendiri jang sok keras,Non-bullying,9 Agustus 2020,@eeericko
455,@kiy12456,semangat rick untuk usaha baru,Non-bullying,9 Agustus 2020,@eeericko
456,@murtiani940,hadehh muka kaya tong sampah,Bullying,9 Agustus 2020,@eeericko
457,@bengkulu__kocak,banyak banget omong kasar sini tobat kaw kaw cukup comment kasar,Non-bullying,9 Agustus 2020,@eeericko
458,@joy81shop,ni org jelek ga ada obatkok jj mau liat apa,Bullying,9 Agustus 2020,@eeericko
459,@habibiwijaya_,semangat bang walau banyak orang judge jang duli mereka,Non-bullying,9 Agustus 2020,@eeericko
460,@tinushanstats,tuh yesus baik semangat rick,Non-bullying,9 Agustus 2020,@eeericko
461,@edwin.afr,jang bales komen hate bang bik sakit jempol nding lanjut karya,Non-bullying,9 Agustus 2020,@eeericko
462,@okkybray,eh lo nyadar ga  dekil terus tato jadi kaya daki,Bullying,9 Agustus 2020,@eeericko
463,@aimdumb,jelek dapet selingkuh jelek juga keren imbang wkkw,Bullying,9 Agustus 2020,@eeericko
464,@galangnusantaraputra,wah hina fisik ni orangga bener wkwkwkwk,Non-bullying,9 Agustus 2020,@eeericko
465,@anggariskyananda,bunuh ri sono goblox,Bullying,9 Agustus 2020,@eeericko
466,@yayanmulyana__,sabar semua komentar uji,Non-bullying,9 Agustus 2020,@eeericko
467,@andhikaprat_,santai rick hujat lo belom tau rjalan hidup lo mereka ha sok suci,Non-bullying,9 Agustus 2020,@eeericko
468,@real_sya9818,sabar yahtetep semangat jar karir jang denger kata orang mereka cuma bisa bacot komen doank,Non-bullying,9 Agustus 2020,@eeericko
469,@kennjiii_077,erick masuk neraka jalur selingkuh bos,Bullying,9 Agustus 2020,@eeericko
470,@plugstamp,trs karya walau brd titik sprti,Non-bullying,9 Agustus 2020,@eeericko
471,@dfaayzaqp,stop ata orang la pada ata orang la aca dlu sebelum ata suci hidup pada,Non-bullying,9 Agustus 2020,@eeericko
472,@dztaaaaa_,ata kek idup gapernag bik salah,Non-bullying,9 Agustus 2020,@eeericko
473,@jenio_rh,jadi gila kau rupa karna gak laku lagi youtube,Bullying,13 Januari 2021,@eeericko
474,@mantap2560,kasi yah sdh stress banyak masa,Bullying,13 Januari 2021,@eeericko
475,@fjrnstyawan_,jatoh ma kek ajg rikkk,Bullying,13 Januari 2021,@eeericko
476,@wiliamsiant,karir turun jadi autis kasi hahah,Bullying,13 Januari 2021,@eeericko
477,@o_em_ji,erick kek gini gua kangen keep it up bruuh,Non-bullying,13 Januari 2021,@eeericko
478,@arikinanta96,mau autis iya bg awokawkk,Bullying,13 Januari 2021,@eeericko
479,@egioktvwn,kasi muda stresss,Bullying,13 Januari 2021,@eeericko
480,@ardinn.__,banyak komen support ma ketutup hate bgst ig,Non-bullying,13 Januari 2021,@eeericko
481,@aini.eni.142892,maudy cantik na natural bnr cantik bgt cantik luar dlm,Non-bullying,21 Maret 2021,@maudyayunda
482,@imnotravi,bik konten youtube student life at standford  seperti waktu s1 at oxford fans pada nunggu nih,Non-bullying,21 Maret 2021,@maudyayunda
483,@riskarmdhni,aura org pinter emg shining bun ndut,Non-bullying,21 Maret 2021,@maudyayunda
484,@gracepala04,paket lengkap cantik pintar lagi,Non-bullying,21 Maret 2021,@maudyayunda
485,@kasih_sliver87,sukaa bnget sm artis gak neko d natural bngett,Non-bullying,21 Maret 2021,@maudyayunda
486,@rir8558,cantik pintar talenta ortu mana gak kepengen pu anak mba maudy,Non-bullying,21 Maret 2021,@maudyayunda
487,@melonktheyalni,idih mak lampir banding uya ma bagai butir debu kenal karena bacot rajin aca,Bullying,1 Juni 2021,@dennisechariesta
488,@story_quots_,anjir muka lo kek kuntilanak ma sok cantik,Bullying,1 Juni 2021,@dennisechariesta
489,@aqxa_nadya,mbak cadel bangga deng cadel harus kasih karna cadel tapi lama jadi jijik gak sekali bisu,Bullying,1 Juni 2021,@dennisechariesta
490,@lailmfdh,uda pinter cantik gak kebanya tingkah rfect,Non-bullying,22 Maret 2021,@maudyayunda
491,@rullyans_ighoney,hatihati mody jang keluar sendiri jagajaga serang brutal rasisme wajah sekilas mirip onnie korea tetap waspada,Non-bullying,22 Maret 2021,@maudyayunda
492,@urbbnaya,bik konten youtube daily activity stanford dong,Non-bullying,22 Maret 2021,@maudyayunda
493,@breath_ice2,motivasi ku ka maudy cantipp bngt,Non-bullying,22 Maret 2021,@maudyayunda
494,@dwisetyaakns24af,semoga kecerdas mbak maudy manfaat bagi agama nusa d bangsa aami,Non-bullying,22 Maret 2021,@maudyayunda
495,@ahmadnfsv,damage cewek pinter gada lawann,Non-bullying,22 Maret 2021,@maudyayunda
496,@ru_kiiaah98,canti waktu isi dulu kurus bgt kurus begini aura kurang,Bullying,19 Desember 2020,@isyanasarasvati
497,@pptsptyn,cantik tapi sayang kurus padahl nikah lo kurang bahagia sama rnikahan,Bullying,19 Desember 2020,@isyanasarasvati
498,@drchristlesman,good vibes walau sedang lapar,Non-bullying,2 April 2021,@maudyayunda
499,@ekaacahyaaa,kakak cantik bgt bismil cerdas nular,Non-bullying,2 April 2021,@maudyayunda
500,@riyan_w_p,bego alam semesta d seisi  serentak murka ndengar lagu,Bullying,2 Juni 2021,@denisechariesta
501,@melly_goeslaw,dua cantik banget masya al,Non-bullying,5 April 2021,@maudyayunda
502,@ykzlk_sk,ka nisa mirip ariana grande masa,Non-bullying,5 April 2021,@maudyayunda
503,@musaasep_,adik maudy cantik pinter aura positif keluar ramah lemah lembut raj sholeha,Non-bullying,5 April 2021,@maudyayunda
504,@iswindarty_cici,sekilas abu mirip ariana grande,Non-bullying,5 April 2021,@maudyayunda
505,@wenddyfanny19,satu mirip ariana grande,Non-bullying,5 April 2021,@maudyayunda
506,@sla_metwidodo1111,kakak sama adek sama sama cantik aku suka sama dua dua,Non-bullying,5 April 2021,@maudyayunda
507,@nakhanadia12,rambut modd bagussss item kilauu,Non-bullying,5 April 2021,@maudyayunda
508,@itsme_lila25,cantik semua congrats msuk nominsi tc candler,Non-bullying,5 April 2021,@maudyayunda
509,@chrysputami,maudy enak bet cantik iya pinter iya,Non-bullying,5 April 2021,@maudyayunda
510,@kendaknyolah,kukira dedek diri mau mukul bang jer pake ukulele ternyata aku sa sa,Non-bullying,27 Februari 2021,@jeromepolin
511,@oneuldo_orenji12,bang jerome klo nyanyiny kek gini bagus suara ganyangkaaa,Non-bullying,27 Februari 2021,@jeromepolin
512,@weirdlifes_,sut kamu sangat lucu d nggemas,Non-bullying,27 Februari 2021,@jeromepolin
513,@misnasari26,bang seringsering dong buat vidio bareng sut dia kaya juga seneng ama bang jerom,Non-bullying,27 Februari 2021,@jeromepolin
514,@cutmustikadela,klu  buat video tapi dua sehari sama anak kecil hahah lucu juga gimana riweh,Non-bullying,27 Februari 2021,@jeromepolin
515,@aldy_rhmd_,muka cabul banget bg hahah,Bullying,26 April 2021,@eeericko
516,@donialviansaputraaa,raut muka terlihat seperti org ka judi d tidak rnah makan enak,Bullying,26 April 2021,@eeericko
517,@nurus_sobah_99,jerome boneka tau hahah,Non-bullying,17 Februari 2021,@jeromepolin
518,@gxjrx,mukbang makan sehat dong salad jepang gituuu,Non-bullying,17 Februari 2021,@jeromepolin
519,@itsme_inr,yakin dulu niat bg semoga sukses,Non-bullying,17 Februari 2021,@jeromepolin
520,@nikenwidd_,bang aku nonton kamu sete aku kerja jepang manfaat bgt konten jd gampang kalo mau nyari apa apa jepang,Non-bullying,17 Februari 2021,@jeromepolin
521,@olla.azizah,cum rumus et ga bisa pecahka bang,Non-bullying,17 Februari 2021,@jeromepolin
522,@can_kenzie_can,rut maju tpi semangat jang tak maju,Non-bullying,17 Februari 2021,@jeromepolin
523,@depi1310,pantes jessica bilang bang jerom uang,Non-bullying,17 Februari 2021,@jeromepolin
524,@lionessariexkunthi,aduhh susah klo urus sma jerome rumus matematika terus bahasan apakah daya riku lebih suka bhs inggris drpd matematika,Non-bullying,7 Maret 2021,@jeromepolin
525,@belumadajudullagi,kaya tulus muka klo liat,Non-bullying,7 Maret 2021,@jeromepolin
526,@_silnora05,jerome bagi trik biar bisa paham d ingat cepat rumus matematika dung,Non-bullying,7 Maret 2021,@jeromepolin
527,@wen_margareth,baru x baca caption harus mikir d pakai kalkulator cuyyy,Non-bullying,7 Maret 2021,@jeromepolin
528,@ayomindan_15,sumpah si kemeja jeans bik liat seger bgt mantap mantap,Non-bullying,15 Maret 2021,@jeromepolin
529,@ini.ataaaa,mirip ama aktor korea ma film reply 1988 jadi kaka jung hw,Non-bullying,15 Maret 2021,@jeromepolin
530,@michael.saputra2006,iya bang jer terlihat beda klo pake style gini lebih terlihat fresh anak gaul,Non-bullying,15 Maret 2021,@jeromepolin
531,@be_l.aa,klo style ke gini pas bang sma umur muda liat lbh fresh sesuai sma umur,Non-bullying,15 Maret 2021,@jeromepolin
532,@riskyapp,dewasa imutt aih cipaaaaaa,Non-bullying,6 Mei 2020,@syifahadjureal
533,@ryaamelliaa,maniss bangettt ngen pu senyum manis ka syifaaa,Non-bullying,6 Mei 2020,@syifahadjureal
534,@windasarimulyadi,nih orang manis bnget sihh ga rti lagi,Non-bullying,6 Mei 2020,@syifahadjureal
535,@isacgibran,kakak pinter nyanyi  suara bagus,Non-bullying,6 Mei 2020,@syifahadjureal
536,@ichafiii,gk sa kalo syifa cantik mamah cantik bgtt jujurr,Non-bullying,24 Mei 2020,@syifahadjureal
537,@erdizairaputri,lelaki ndapat km lelaki untung,Non-bullying,24 Mei 2020,@syifahadjureal
538,@raffajiah,kamu mirip bgt ayah kalo adik mirip bgt mama,Non-bullying,24 Mei 2020,@syifahadjureal
539,@rahmaaaaliaaaaa,kakak cantik sii tapi canti lagi kalo pake hijab,Non-bullying,24 Mei 2020,@syifahadjureal
540,@anisaanis62,gemeshh rasa kaya aku ngen cubit,Non-bullying,9 Juni 2020,@syifahadjureal
541,@elizabethkezia4u, paling cute ganteng parah kecil jg,Non-bullying,9 Juni 2020,@syifahadjureal
542,@frdaanii24_,ngen gw pacul mulut lo woii anjeng busuk,Bullying,3 Maret 2021,@lutiagizal
543,@salsabilangin,sering blg ke org artis cewek nurutku paling cantik syifa sama ziu,Non-bullying,10 Juni 2020,@syifahadjureal
544,@kylagluh,ka cipa tu uda cantik baik manis bgt pula manis tu lebih gula,Non-bullying,10 Juni 2020,@syifahadjureal
545,@patmisrisupatmi501,lihat sekilas  tampak jelas cantik syifa,Non-bullying,10 Juni 2020,@syifahadjureal
546,@ike_wulandari01,setuju g si dia tetep cntik bgt ski g pke make up aku g pke make up pucet bgt g makan setahunn,Non-bullying,17 Juni 2020,@syifahadjureal
547,@_biiibill,dahlahh cantik luar dalam k cippp,Non-bullying,17 Juni 2020,@syifahadjureal
548,@masanggaofficial,muka cantik tanpa make up hini bahagia bgt kali jadi suami bisa liat bidadari setiap hari,Non-bullying,17 Juni 2020,@syifahadjureal
549,@fettyfuriyanireal96,suka bgtt sm cipaa orang humble sm semua orang d banyak teman juga,Non-bullying,17 Juni 2020,@syifahadjureal
550,@itsme.imel__,artis remaja indonesia manis bgt kalo senyum cuma dia rasa nempel hati,Non-bullying,17 Juni 2020,@syifahadjureal
551,@dhivirandini,aku doa rempu baik nama nagita selalu sehat bahagia lahir bat d banyak sayang sm dia,Non-bullying,31 Mei 2021,@raffinagita1717
552,@yuki_takesy,rafathar mantull ni pulang gk jd inep karna gk ada temen mamany d rmh papany belum pulangg jd jaga d temen mama dulu  aa,Non-bullying,31 Mei 2021,@raffinagita1717
553,@hypelook.store,kultur kerja kaya gini nurut gw bagus si ga kapitalis banget tinggi juga ikut kerja misal vlog atau endors semoga gaji juga ga senjang si,Non-bullying,31 Mei 2021,@raffinagita1717
554,@mawarmelati6,pantas pada senang kerja rans mbak gigi gak bossy,Non-bullying,31 Mei 2021,@raffinagita1717
555,@um_ummah7,seneng lihat orang sukses eting al ngen sukses biar ada status instastory,Non-bullying,31 Mei 2021,@raffinagita1717
556,@etikawatianiek,smga semua kelg d crew sehat semua d rejeki trs lancar gigi,Non-bullying,31 Mei 2021,@raffinagita1717
557,@kadospesialmu.id,fokus ke nagita pas mau minum sempet baca doa keren bgt hasil di orang tua,Non-bullying,31 Mei 2021,@raffinagita1717
558,@ciky_yy,kasih  nagita pu suami kerjaan zinah terus,Bullying,31 Mei 2021,@raffinagita1717
559,@pipin_sumarini,koreaable banget face rafathar cakep ganteng manis banget,Non-bullying,31 Mei 2021,@raffinagita1717
560,@sumiyati_yudi2,masyaal rafathar tambah besar tambah ganteng bgt gk kuat liat alisny,Non-bullying,31 Mei 2021,@raffinagita1717
561,@ulfanadz,mirip siwon lama apa rasa gw,Non-bullying,31 Mei 2021,@raffinagita1717
562,@inaciac7,lucu asa kaka d adek,Non-bullying,29 Mei 2021,@raffinagita1717
563,@medianatambunan,wajah nagita kya umur 20,Non-bullying,29 Mei 2021,@raffinagita1717
564,@anita_sari1892,foto no edit edit saayy kamera nyaa bening model foto  juga bening gak rlu pakai filter tipu tipu,Non-bullying,29 Mei 2021,@raffinagita1717
565,@riostryn,look rafathar gak bisa pungkiri borong gen mama gigi semua,Non-bullying,29 Mei 2021,@raffinagita1717
566,@mraldiani,nagita masa kaya anak muda coba cantikk bangeett,Non-bullying,29 Mei 2021,@raffinagita1717
567,@aprillia_raffa,masyaal mamany cantik anakny ganteng rfect,Non-bullying,29 Mei 2021,@raffinagita1717
568,@azizah_rahman10,kaya adek kakak gigi liat muda banget,Non-bullying,29 Mei 2021,@raffinagita1717
569,@andra_jnsyah_14,tambah gede rafathar tambah pinter rafathar,Non-bullying,29 Mei 2021,@raffinagita1717
570,@dewitatarias,mama gigi rambut agak pirang tambah cantik d tampak lebih muda,Non-bullying,29 Mei 2021,@raffinagita1717
571,@ikakadamayanti,ootd mama gigi simple tapi eleg lihat masyaal,Non-bullying,31 Mei 2021,@raffinagita1717
572,@rainbowkidshop_,masyaal mamah gigi bening bet sehat selalu mamah gigi dn keluarga,Non-bullying,31 Mei 2021,@raffinagita1717
573,@amaliapuspitasari20,mama gigi kete gajah gajah seneng sampai ketawa ahhaha,Non-bullying,31 Mei 2021,@raffinagita1717
574,@nurainiikazulianaa,al ga tau knp ak suka setiap lihat nagita pake dress model cakep cakep,Non-bullying,31 Mei 2021,@raffinagita1717
575,@limcu_n,i see beauty everything mba gigi sehat selalu sama dede bayi,Non-bullying,31 Mei 2021,@raffinagita1717
576,@ens_gege,mama gigi cantik banget look younger th her age love mama gigi,Non-bullying,31 Mei 2021,@raffinagita1717
577,@deni_riski,semoga adek rafathar njadi anak tangguh kuat cerdas,Non-bullying,31 Mei 2021,@raffinagita1717
578,@desysr,pakai apa pake mama gigi selalu keceee,Non-bullying,31 Mei 2021,@raffinagita1717
579,@balizoo,terima kasih nagita  sudah support molly si gajah d satwasatwa bali zoo lain deng kunjungan sama keluarga,Non-bullying,31 Mei 2021,@raffinagita1717
580,@titiwinarni91,kaya ny gajah rasa aura positif mb gigi kelihat sumringah jg gajah loo,Non-bullying,31 Mei 2021,@raffinagita1717
581,@ratna_wahyuningrum28,manis banget mbak gigi masya al hamil semak sinar,Non-bullying,31 Mei 2021,@raffinagita1717
582,@dedehfp,mama gigi gapernah ga cantik kalo nurut aku,Non-bullying,31 Mei 2021,@raffinagita1717
583,@muhammadmarselnur,semoga sehat selalu bayi dalam kandung sama ibu,Non-bullying,31 Mei 2021,@raffinagita1717
584,@novaaa_nmc,cantik banget semoga sehat selalu kakak panut,Non-bullying,9 Mei 2021,@raisa6690
585,@silvahumairasadeli,masyaal selalu mpesona baik kaum adam mau kaum hawa,Non-bullying,9 Mei 2021,@raisa6690
586,@dwiwarochmah,gak ada orang la bangun tidur siang secantik sela ka yaya,Non-bullying,9 Mei 2021,@raisa6690
587,@malikah_06,tua muda muka mana cantik bngett mo nangiss am cantik terus ka yaya,Non-bullying,9 Mei 2021,@raisa6690
588,@dwihadianti,gapaham lagi cakeup natural masyaal,Non-bullying,9 Mei 2021,@raisa6690
589,@kroniktron,raisa mah tipe cantik tapi sop santun pakaian,Non-bullying,9 Mei 2021,@raisa6690
590,@rifdaahdr,ka yayaaa why are you always stunning pretty girl,Non-bullying,9 Mei 2021,@raisa6690
591,@donnnaaaa____,al ni orang apa ri cantik amatt,Non-bullying,30 April 2021,@raisa6690
592,@novidianprismaw,cantik banget aku her lihat samping kan kiri dep dll tetep cantik,Non-bullying,30 April 2021,@raisa6690
593,@audreyjizlia,bisa henti cakep ga kakk pusingggg,Non-bullying,30 April 2021,@raisa6690
594,@aqidahhasrida,cantik baju keren warna bik pangling,Non-bullying,30 April 2021,@raisa6690
595,@tracytrinita,sudah dongggg d sudah liked juga congratulations,Non-bullying,10 April 2021,@raisa6690
596,@hestipurwadinata,udaaaahh nontonnnnn lagu baju makeup d hairdo nyaaa sukaakkkk,Non-bullying,10 April 2021,@raisa6690
597,@rzl_40,raisa ak monoton jadi suka sering kek gini,Non-bullying,10 April 2021,@raisa6690
598,@anazd_k,dong lagi unyah cute banget,Non-bullying,10 April 2021,@raisa6690
599,@xmxexgxaxr,nyihir secantik gue rela kutuk jadi tokek laut,Non-bullying,10 April 2021,@raisa6690
600,@biannasution,am makan apa bisa cantik banget,Non-bullying,10 April 2021,@raisa6690
601,@dhinie_jm,al kek anak batita klo lg ambek manyun begitu gemes,Non-bullying,10 April 2021,@raisa6690
602,@ikaa6696,aku d sumpah bagus banget rasa liat cerita sney,Non-bullying,10 April 2021,@raisa6690
603,@atharidho_,lebih gak sop mukak babi,Bullying,3 Maret 2021,@lutiagizal
604,@ariessw,al begitu sempurna ciptaan satu,Non-bullying,17 Maret 2021,@raisa6690
605,@otiv_real,ragu cantik kek gini gmn kl yak yak cantik kek apa her,Non-bullying,17 Maret 2021,@raisa6690
606,@fahrirasihan,bu liat ragu tapi liat cantik,Non-bullying,17 Maret 2021,@raisa6690
607,@sessy_abramsz,warna paling bik raisa shinning rah hitam putih pink and emerald,Non-bullying,17 Maret 2021,@raisa6690
608,@shintashanditya,raisa pake baju rah sumpahh cantik bgttt,Non-bullying,17 Maret 2021,@raisa6690
609,@ocnalita,lirik ndek tp susah hafal pas awal awal begitu puter beberapa kali eh candu banget,Non-bullying,17 Maret 2021,@raisa6690
610,@nissaginting,demi apa yaya gk rnah ragu para ndengar lagu,Non-bullying,17 Maret 2021,@raisa6690
611,@ayyuintn,ka yaya kalo ragu tetep secantik yah,Non-bullying,17 Maret 2021,@raisa6690
612,@arsheilaa22,ragu cantik  apalagi serius,Non-bullying,17 Maret 2021,@raisa6690
613,@uswaaahs,ga alay ga muluk muluk natural sukaaaa,Non-bullying,28 Juli 2020,@isyanasarasvati
614,@yolasinamo,seru bgt gemoy tim kebun tim alam bgt,Non-bullying,28 Juli 2020,@isyanasarasvati
615,@denisyundaa,nikmat bisa nghirup oksigen deng bebas,Non-bullying,28 Juli 2020,@isyanasarasvati
616,@dessysintia_,slide kedua muka mau gaya apa tetep cantikk,Non-bullying,28 Juli 2020,@isyanasarasvati
617,@rahmatikarsyita,mba isyana foto gelap2 gini aesthetic bgt,Non-bullying,28 Juli 2020,@isyanasarasvati
618,@no_chuuuuu,mba isyana cantik suara bagus kompeten pula sukaaaa,Non-bullying,15 Agustus 2020,@isyanasarasvati
619,@dinaeka33,ga tau aku juga suka banget sama gaya isy,Non-bullying,15 Agustus 2020,@isyanasarasvati
620,@raskadipsy,kangen nonton konser isy secara lgsg ski bisa virtual cuma experience lebih dapat,Non-bullying,15 Agustus 2020,@isyanasarasvati
621,@astri.yanti22491,congrats ka  terus karya sukses d terus mnjd inpirasi kita semua,Non-bullying,04 April 2020,@isyanasarasvati
622,@hasana_usna,congrats kamu mang pantes ndapatkan,Non-bullying,04 April 2021,@isyanasarasvati
623,@kazuyaisaam,saya harap  panjang umur sehingga bisa jadi inspirasi untuk musisi seluruh indonesia saya suka musik indonesia deng ada isyana,Non-bullying,28 September 2020,@isyanasarasvati
624,@adepraagoy,cantik rada gesrek tapi banyak kelebihan semangat tetap produktif,Non-bullying,28 September 2020,@isyanasarasvati
625,@grapepush0a,gatau lagi rasa nonton wtf bener jkt ski virtual and thankyouu for the rformance sy selalu keren d cah tak rnah sekali ngecewa,Non-bullying,28 September 2020,@isyanasarasvati
626,@mahrani29,walau ga rnah lihat ka isyana live bener panggung tp aku terpesona bgt ama live virtual asli keren,Non-bullying,28 September 2020,@isyanasarasvati
627,@bekkkyyyyy,yash we the fest even virtual tapi tetep keren bgt syann huaaa energi dpt bgt,Non-bullying,28 September 2020,@isyanasarasvati
628,@isyanaku,keren banget walau sebentar tapi mantap abis tunggu karya selanjut stay safe and healthy isyana ku,Non-bullying,28 September 2020,@isyanasarasvati
629,@eitralala,makaseh jugaa kakaaa inyeeuuuu semoga aku bisa pantang nyerah seperti kakak d tem musisi lain yaaa,Non-bullying,28 September 2020,@isyanasarasvati
630,@isyanation.batam,thank you juga sy seneng banget kemar semoga sete pandemi semua rencana lancar sy,Non-bullying,28 September 2020,@isyanasarasvati
631,@yolasinamo,hua seneng bgt kmrn walau cuma 35 nit tp seneng liat isy adaptasi kebiasa baruku semoga bisa lebih teratur maem tunggu karya selanjut kaka,Non-bullying,28 September 2020,@isyanasarasvati
632,@nikiwonoto,senang akhir indonesia bisa punya musisi idealis kualitas tinggi bisa terus karya  apresiasi oleh banyak orang,Non-bullying,20 Oktober 2020,@isyanasarasvati
633,@embunwibisono,harap bisa nghadir musisi dgn genre la dr sudah ada industri biar musik indonesia lebih warna,Non-bullying,20 Oktober 2020,@isyanasarasvati
634,@wardah_eka,congrats isy semoga semua impianimpi baik segera bisa terwujud aami,Non-bullying,20 Oktober 2020,@isyanasarasvati
635,@nurul.hikmah396,bener bener idola dr musisi pandang sebe mata sampe buat label musik sendiri congrats sy,Non-bullying,20 Oktober 2020,@isyanasarasvati
636,@syrobby_,congrats isy semoga karya apa laku kakak sukses teruss,Non-bullying,20 Oktober 2020,@isyanasarasvati
637,@erminah20,orang terlihat sangat sangat stres d gila,Bullying,3 Maret 2021,@lutiagizal
638,@sun.molorteam,gua kalai jadi tuh gaa gua jadi dia manusia lebih pante ga hidup orang dunia akhlak gaada tolol bangsat,Bullying,3 Maret 2021,@lutiagizal
639,@muyasashop,biasa aq nangis kalo lagu seiihh kalo nangis karna saking bagus lagu,Non-bullying,13 Februari 2021,@isyanasarasvati
640,@amalia.oktafina,definisi minat kete bakat kete kerja keras,Non-bullying,13 Februari 2021,@isyanasarasvati
641,@arfrakim, astaga si isyana keren banget bisa ada musisi lokal selera musik gini,Non-bullying,13 Februari 2021,@isyanasarasvati
642,@nikedamyan,mashaal cantik pinter jago nyanyi dn main alat musik pula neng  fans bener mah,Non-bullying,13 Februari 2021,@isyanasarasvati
643,@mentariprajna,gilaaaa gila gilaaaa tang kaki ekspresi n emosi tertuang adi suatu karya fantastis,Non-bullying,13 Februari 2021,@isyanasarasvati
644,@a.nadityaaa_,gosh tiap kali lihat isyana main alat musik kaya lihat jiwa beda rinding gila kaya kepribadian jadi serius bangett,Non-bullying,13 Februari 2021,@isyanasarasvati
645,@ana.dani,sumpah demi al bagus bangett kereennn rinding ak denger sampe abis tiba ampe netes air mata,Non-bullying,13 Februari 2021,@isyanasarasvati
646,@_sigesrek,aku putus untuk njadi fans isyana gila keren banget otak mereka dua bisa fungsi dg njalan rintah ke tang d kaki waktu sama,Non-bullying,13 Februari 2021,@isyanasarasvati
647,@safronlux.id,amzing isyanaa jujur aku amazed banget deng skill d minat isyana dalam musik ga cuma nyanyi tapi ma alat musik  jago banget,Non-bullying,13 Februari 2021,@isyanasarasvati
648,@rikzikmuktyana,paling iri liat orang keren maen alat musik d dalem banget nikmat main sendiri,Non-bullying,13 Februari 2021,@isyanasarasvati
649,@antoniusbennys,sampe ga bisa kata lagi buat isyana sangat sempurna org,Non-bullying,13 Februari 2021,@isyanasarasvati
650,@dikha.wirasathya,inimah bu ma alat musik lagi olahraga jari d kaki mah,Non-bullying,13 Februari 2021,@isyanasarasvati
